{"1":{"title":"だれのため？","link":"https:\/\/comic.priconne-redive.jp\/media\/cartoon\/image\/ae397a547f41dcbb5c55b07b5c44a544.png?id=1"},"2":{"title":"ケンカはだめっ！","link":"https:\/\/comic.priconne-redive.jp\/media\/cartoon\/image\/5dec4d9e975f7b916fcd296a4c1f754e.png?id=2"},"3":{"title":"荷物の中身は","link":"https:\/\/comic.priconne-redive.jp\/media\/cartoon\/image\/b188359b5a6caf8fec4e1f3eb4de3afd.png?id=3"},"4":{"title":"しっかり観察！","link":"https:\/\/comic.priconne-redive.jp\/media\/cartoon\/image\/cffde6f906d390dc05aeccb37dea13ff.png?id=4"},"5":{"title":"もりのこえ(前編)","link":"https:\/\/comic.priconne-redive.jp\/media\/cartoon\/image\/fa46349651aa504e0cf0fbc7e7785fe6.png?id=5"},"6":{"title":"もりのこえ(後編)","link":"https:\/\/comic.priconne-redive.jp\/media\/cartoon\/image\/83898de0b8017ce8f860671d69870f6a.png?id=6"},"7":{"title":"正体みたりっ！","link":"https:\/\/comic.priconne-redive.jp\/media\/cartoon\/image\/15b1ba8438a0e9b6a72c83d898f1051c.png?id=7"},"8":{"title":"すれちがい","link":"https:\/\/comic.priconne-redive.jp\/media\/cartoon\/image\/91ae1ef284c47a202a241132f156e8c4.png?id=8"},"9":{"title":"カリスマ？","link":"https:\/\/comic.priconne-redive.jp\/media\/cartoon\/image\/ad8f7a34516125de0bf3136385240e89.png?id=9"},"10":{"title":"イマジネーション","link":"https:\/\/comic.priconne-redive.jp\/media\/cartoon\/image\/38b595e0121c343eff137cdcef056ebb.png?id=10"},"11":{"title":"放っておけないっ","link":"https:\/\/comic.priconne-redive.jp\/media\/cartoon\/image\/628471617c9c509cab9dc309eb606548.png?id=11"},"12":{"title":"オトナのミリョク？","link":"https:\/\/comic.priconne-redive.jp\/media\/cartoon\/image\/57095e7adaeecf512e63a1f075351c5e.png?id=12"},"13":{"title":"追われ追われて","link":"https:\/\/comic.priconne-redive.jp\/media\/cartoon\/image\/befe66bc735aeceb16add20a2a00730e.png?id=13"},"14":{"title":"幻の4人目","link":"https:\/\/comic.priconne-redive.jp\/media\/cartoon\/image\/9cf74bfe7a73ca1a09d5f680f62a04d6.png?id=14"},"15":{"title":"め・し・あ・が・れ","link":"https:\/\/comic.priconne-redive.jp\/media\/cartoon\/image\/0b013c9f0fedd511247c58d8e4377332.png?id=15"},"16":{"title":"レイの休日","link":"https:\/\/comic.priconne-redive.jp\/media\/cartoon\/image\/bf666ef634ca6ef58af470470c35e5d4.png?id=16"},"17":{"title":"立てば芍薬","link":"https:\/\/comic.priconne-redive.jp\/media\/cartoon\/image\/b9689cbdf5316e64f2ae6d6664adfa4c.png?id=17"},"18":{"title":"わくわくバカンス","link":"https:\/\/comic.priconne-redive.jp\/media\/cartoon\/image\/460192e407baee413f88fba96d0bbe8e.png?id=18"},"19":{"title":"きせかえコッコロ","link":"https:\/\/comic.priconne-redive.jp\/media\/cartoon\/image\/2c3f726fd8deafb0d31145f78361a809.png?id=19"},"20":{"title":"大事な家族","link":"https:\/\/comic.priconne-redive.jp\/media\/cartoon\/image\/955fbce5fb125752874a6c230ee09ddd.png?id=20"},"21":{"title":"水着でおもてなし","link":"https:\/\/comic.priconne-redive.jp\/media\/cartoon\/image\/94ad8c9df22c1a0e696e261acb507b74.png?id=21"},"22":{"title":"演技派","link":"https:\/\/comic.priconne-redive.jp\/media\/cartoon\/image\/736819e71fbaba1099778dbe3906a7f1.png?id=22"},"23":{"title":"悪夢再び","link":"https:\/\/comic.priconne-redive.jp\/media\/cartoon\/image\/1c2eca6506f990d269678bd231a682e8.png?id=23"},"24":{"title":"ねじねじもふもふ","link":"https:\/\/comic.priconne-redive.jp\/media\/cartoon\/image\/5452d2d00b30ddd2104aa3c261e3ab81.png?id=24"},"25":{"title":"必要ないっ！","link":"https:\/\/comic.priconne-redive.jp\/media\/cartoon\/image\/a31b80691c6c90c01c2b69ee10de6b7b.png?id=25"},"26":{"title":"おねがい","link":"https:\/\/comic.priconne-redive.jp\/media\/cartoon\/image\/242283ba8241de38f142603dd305bc7d.png?id=26"},"27":{"title":"完璧な計画","link":"https:\/\/comic.priconne-redive.jp\/media\/cartoon\/image\/4613a4eba6420440d85bbec2fd48f327.png?id=27"},"28":{"title":"力の理由","link":"https:\/\/comic.priconne-redive.jp\/media\/cartoon\/image\/cf11917ce4872183ad85e5141f8d2e3b.png?id=28"},"29":{"title":"のみすぎちゅうい","link":"https:\/\/comic.priconne-redive.jp\/media\/cartoon\/image\/4bc3c6ab139b51742a41d826170d463a.png?id=29"},"30":{"title":"苦手なもの","link":"https:\/\/comic.priconne-redive.jp\/media\/cartoon\/image\/0eb816d4939485551fcff4a3de62b311.png?id=30"},"31":{"title":"裏の顔(前編)","link":"https:\/\/comic.priconne-redive.jp\/media\/cartoon\/image\/ee057e488a544fd9d167879b89471517.png?id=31"},"32":{"title":"裏の顔(後編)","link":"https:\/\/comic.priconne-redive.jp\/media\/cartoon\/image\/bcf86d4e8d7ffd3989e84b39173a3124.png?id=32"},"33":{"title":"目覚めの","link":"https:\/\/comic.priconne-redive.jp\/media\/cartoon\/image\/c832bd106bf76e2d00698e724c82bbed.png?id=33"},"34":{"title":"熱烈歓迎モード","link":"https:\/\/comic.priconne-redive.jp\/media\/cartoon\/image\/40964d3afe2d85e4ab44539a739c97d2.png?id=34"},"35":{"title":"調査用アイテム？","link":"https:\/\/comic.priconne-redive.jp\/media\/cartoon\/image\/d33f354bbe0683e6c742867f0452a4fd.png?id=35"},"36":{"title":"悪い癖","link":"https:\/\/comic.priconne-redive.jp\/media\/cartoon\/image\/b3bc7fde799334e6c30b01bbeef572c8.png?id=36"},"37":{"title":"合体技ッス！(前編)","link":"https:\/\/comic.priconne-redive.jp\/media\/cartoon\/image\/9a792aa0a260210ff2575b07086f6d8d.png?id=37"},"38":{"title":"合体技ッス！(後編)","link":"https:\/\/comic.priconne-redive.jp\/media\/cartoon\/image\/25e77187aaf864698886bad0ff8ff8d1.png?id=38"},"39":{"title":"エネルギー切れ","link":"https:\/\/comic.priconne-redive.jp\/media\/cartoon\/image\/4f7abb516b61f58d56f270d0bbe0b1ba.png?id=39"},"40":{"title":"鵜の真似をするべからず","link":"https:\/\/comic.priconne-redive.jp\/media\/cartoon\/image\/40b16f54f8c441e85b9c8510d11f2bb2.png?id=40"},"41":{"title":"照れ隠し","link":"https:\/\/comic.priconne-redive.jp\/media\/cartoon\/image\/9ef3f964a6345bd3c61bd36cf46def48.png?id=41"},"42":{"title":"食べ物のうらみ","link":"https:\/\/comic.priconne-redive.jp\/media\/cartoon\/image\/90f4ee522b58969987e694bd8d910fbe.png?id=42"},"43":{"title":"しかつもんだい","link":"https:\/\/comic.priconne-redive.jp\/media\/cartoon\/image\/bea625220d452518f10eb2a31c75dee8.png?id=43"},"44":{"title":"居心地良し","link":"https:\/\/comic.priconne-redive.jp\/media\/cartoon\/image\/9a1f6bd8e84d091520a194c51e66ca35.png?id=44"},"45":{"title":"手加減抜き","link":"https:\/\/comic.priconne-redive.jp\/media\/cartoon\/image\/54c095f7d0be3eb20a07b34a408f458d.png?id=45"},"46":{"title":"大人の味","link":"https:\/\/comic.priconne-redive.jp\/media\/cartoon\/image\/9755688b072c068097f295cfc9e82d7b.png?id=46"},"47":{"title":"憧れの放課後","link":"https:\/\/comic.priconne-redive.jp\/media\/cartoon\/image\/ad9f0b34cd9ecc331603cc6eaedbdd41.png?id=47"},"48":{"title":"魅了の魔法？","link":"https:\/\/comic.priconne-redive.jp\/media\/cartoon\/image\/8a66fbc0dfd9ff9b8fa2c8caf74e50f4.png?id=48"},"49":{"title":"進軍！！","link":"https:\/\/comic.priconne-redive.jp\/media\/cartoon\/image\/d96c19b5d9bbd899bc2659f71caf4203.png?id=49"},"50":{"title":"その身に刻めッ！","link":"https:\/\/comic.priconne-redive.jp\/media\/cartoon\/image\/39c10b1514663ad825c54c6dd03e3051.png?id=50"},"51":{"title":"生粋の","link":"https:\/\/comic.priconne-redive.jp\/media\/cartoon\/image\/e1c5a05525ecc7eaa5bdf2c121dfce94.png?id=51"},"52":{"title":"成敗ッ！","link":"https:\/\/comic.priconne-redive.jp\/media\/cartoon\/image\/8a255b26a2c0bbe9346cd9831741e1c2.png?id=52"},"53":{"title":"オーラバトル","link":"https:\/\/comic.priconne-redive.jp\/media\/cartoon\/image\/0eb3c8bab6fa7e1a43a69ccd59b1b159.png?id=53"},"54":{"title":"有名人","link":"https:\/\/comic.priconne-redive.jp\/media\/cartoon\/image\/8ebb6884b73535ef7d96db7cdc365c0f.png?id=54"},"55":{"title":"緊急離脱","link":"https:\/\/comic.priconne-redive.jp\/media\/cartoon\/image\/78094778b29eed92aedae9875e6d3071.png?id=55"},"56":{"title":"抑止力","link":"https:\/\/comic.priconne-redive.jp\/media\/cartoon\/image\/5b3e885a9f4a3ed4afbb3192efac252b.png?id=56"},"57":{"title":"ギャップ","link":"https:\/\/comic.priconne-redive.jp\/media\/cartoon\/image\/bc430cd772530da2c633269581bba996.png?id=57"},"58":{"title":"木を隠すなら","link":"https:\/\/comic.priconne-redive.jp\/media\/cartoon\/image\/25ab73cb9856911d0ef48aa7420dc35f.png?id=58"},"59":{"title":"フードをかぶれば","link":"https:\/\/comic.priconne-redive.jp\/media\/cartoon\/image\/5b17c7db4c1195ff4c705f3b85a54f90.png?id=59"},"60":{"title":"マイクを置いて","link":"https:\/\/comic.priconne-redive.jp\/media\/cartoon\/image\/b3ac8bb9011dd751db45b74147dd0c05.png?id=60"},"61":{"title":"アマノジャクハート！","link":"https:\/\/comic.priconne-redive.jp\/media\/cartoon\/image\/7c70da3716f8ae6722c0a4cd4b76ff3f.png?id=61"},"62":{"title":"大きな代償","link":"https:\/\/comic.priconne-redive.jp\/media\/cartoon\/image\/67012f1f3a57ede58d329774bcef4e98.png?id=62"},"63":{"title":"幻のケーキ","link":"https:\/\/comic.priconne-redive.jp\/media\/cartoon\/image\/784c51122aca62fb085065c4a0f48be8.png?id=63"},"64":{"title":"時には素直に","link":"https:\/\/comic.priconne-redive.jp\/media\/cartoon\/image\/128b6f8504fe7bfeaaf6cfec7828e205.png?id=64"},"65":{"title":"内容が大事","link":"https:\/\/comic.priconne-redive.jp\/media\/cartoon\/image\/f3ec209ee95848a160dfa06bf57ebad7.png?id=65"},"66":{"title":"強さの理由","link":"https:\/\/comic.priconne-redive.jp\/media\/cartoon\/image\/21b395935490aa99e7f812061e6077b8.png?id=66"},"67":{"title":"ヘアアレンジ","link":"https:\/\/comic.priconne-redive.jp\/media\/cartoon\/image\/e6424f74b0fe9b2e5261480f3876ed56.png?id=67"},"68":{"title":"強力な助っ人","link":"https:\/\/comic.priconne-redive.jp\/media\/cartoon\/image\/9b6801189cd4885d0e847ade429ffb4b.png?id=68"},"69":{"title":"おままごとアドベンチャー","link":"https:\/\/comic.priconne-redive.jp\/media\/cartoon\/image\/715dd39476865fac385114ac875f500f.png?id=69"},"70":{"title":"風よくうけて","link":"https:\/\/comic.priconne-redive.jp\/media\/cartoon\/image\/0b5fd53de01d0a3505cdc97d175d9d46.png?id=70"},"71":{"title":"解放","link":"https:\/\/comic.priconne-redive.jp\/media\/cartoon\/image\/01e406f4f9f428963f2e607d1861d21d.png?id=71"},"72":{"title":"母なる大地","link":"https:\/\/comic.priconne-redive.jp\/media\/cartoon\/image\/66deb3834faef160fe1d9603e1c946ee.png?id=72"},"73":{"title":"艱難全席","link":"https:\/\/comic.priconne-redive.jp\/media\/cartoon\/image\/17fe13d80bcdf76ab9883d964b8db6a8.png?id=73"},"74":{"title":"藪に向かって乱れ撃ち","link":"https:\/\/comic.priconne-redive.jp\/media\/cartoon\/image\/b6dcbabd59d750b74f5c1cad306ad541.png?id=74"},"75":{"title":"名案","link":"https:\/\/comic.priconne-redive.jp\/media\/cartoon\/image\/9b5533566d0ed4d44c3cccd47a2a8621.png?id=75"},"76":{"title":"隠し味はまだ","link":"https:\/\/comic.priconne-redive.jp\/media\/cartoon\/image\/a1d926600da98510a6c739be4aba7dc2.png?id=76"},"77":{"title":"記念品贈呈","link":"https:\/\/comic.priconne-redive.jp\/media\/cartoon\/image\/f355d4c94dc0abdda6f56ce4c03ad5ae.png?id=77"},"78":{"title":"天楼ヲ覇断スル剣","link":"https:\/\/comic.priconne-redive.jp\/media\/cartoon\/image\/b40a1560b2899dca56538ed4bee74bb4.png?id=78"},"79":{"title":"悪の矜持","link":"https:\/\/comic.priconne-redive.jp\/media\/cartoon\/image\/7378e2a46d4cd15097b1ff80351a13f5.png?id=79"},"80":{"title":"負けられない戦い","link":"https:\/\/comic.priconne-redive.jp\/media\/cartoon\/image\/d1357231e0a954cf8cc02bb3074b65e6.png?id=80"},"81":{"title":"どら焼き消失事件(解決編)","link":"https:\/\/comic.priconne-redive.jp\/media\/cartoon\/image\/33d1f55bd3da22072c97fbdc0c82bf7f.png?id=81"},"82":{"title":"容疑者Aの転進","link":"https:\/\/comic.priconne-redive.jp\/media\/cartoon\/image\/33c2b3b33c19cd3bf042787327675ac7.png?id=82"},"83":{"title":"EXIT","link":"https:\/\/comic.priconne-redive.jp\/media\/cartoon\/image\/d93f19b91c92f83d08151780c3355baf.png?id=83"},"84":{"title":"得意を活かして","link":"https:\/\/comic.priconne-redive.jp\/media\/cartoon\/image\/8f4481b639c19904fad9143b805ab76a.png?id=84"},"85":{"title":"足早な補給食","link":"https:\/\/comic.priconne-redive.jp\/media\/cartoon\/image\/15208ccb9c24d636083a3c0de7b87fdc.png?id=86"},"86":{"title":"大事な日課","link":"https:\/\/comic.priconne-redive.jp\/media\/cartoon\/image\/cd565cce487a02bb58c5f48944c8b916.png?id=87"},"87":{"title":"情熱の補給食","link":"https:\/\/comic.priconne-redive.jp\/media\/cartoon\/image\/9945767bcdade7aedaeb60faa2d68903.png?id=88"},"88":{"title":"ずーっと友達！","link":"https:\/\/comic.priconne-redive.jp\/media\/cartoon\/image\/fc7a8866793ff4f3216679dc81a61af6.png?id=89"},"89":{"title":"驚いたこと","link":"https:\/\/comic.priconne-redive.jp\/media\/cartoon\/image\/06a0127798859576a76ec99664386429.png?id=90"},"90":{"title":"教えて!!キャル先生","link":"https:\/\/comic.priconne-redive.jp\/media\/cartoon\/image\/f6e580ffdd993035a4cd188a662386e2.png?id=91"},"91":{"title":"お城での生活","link":"https:\/\/comic.priconne-redive.jp\/media\/cartoon\/image\/111d4431195d211e3c0394ecc4e41d22.png?id=93"},"92":{"title":"プランB","link":"https:\/\/comic.priconne-redive.jp\/media\/cartoon\/image\/8a3fc46e3c172a8a6a81841d3f8cdb38.png?id=94"},"93":{"title":"つまみぐい","link":"https:\/\/comic.priconne-redive.jp\/media\/cartoon\/image\/508b4e54530ea3cf4220378534e534f3.png?id=95"},"94":{"title":"あなたのペースで","link":"https:\/\/comic.priconne-redive.jp\/media\/cartoon\/image\/d9d2627eff995f7d06f705cc4205ae14.png?id=96"},"95":{"title":"むすんでひらいて","link":"https:\/\/comic.priconne-redive.jp\/media\/cartoon\/image\/6fbd5433a4b031bb7df0b2430aaf168b.png?id=97"},"96":{"title":"プロジェクトN","link":"https:\/\/comic.priconne-redive.jp\/media\/cartoon\/image\/8fbc8dba3ce81bbf37b0a3d3d40028f9.png?id=98"},"97":{"title":"価値あるもの","link":"https:\/\/comic.priconne-redive.jp\/media\/cartoon\/image\/0720bb188b2c5eb78d202f91216a3ecc.png?id=99"},"98":{"title":"コノフィツムの花","link":"https:\/\/comic.priconne-redive.jp\/media\/cartoon\/image\/02da1410ea24485b853c31c6aee7aae1.png?id=100"},"99":{"title":"シュバッと参上！","link":"https:\/\/comic.priconne-redive.jp\/media\/cartoon\/image\/1fbb9997aade6faa035e8fae4848465b.png?id=101"},"100":{"title":"猫まっしぐら","link":"https:\/\/comic.priconne-redive.jp\/media\/cartoon\/image\/07880b94f387c6b717e8b6676df67855.png?id=102"},"101":{"title":"責任転じて","link":"https:\/\/comic.priconne-redive.jp\/media\/cartoon\/image\/6b4adc2faf3beff8475ef0bca9cb5f17.png?id=103"},"102":{"title":"憧れの碧空","link":"https:\/\/comic.priconne-redive.jp\/media\/cartoon\/image\/f605a6032fd69e256b99ff236f9f55cc.png?id=104"},"103":{"title":"安全装置","link":"https:\/\/comic.priconne-redive.jp\/media\/cartoon\/image\/d57765c83acdf8f584ddef6f943f4428.png?id=105"},"104":{"title":"もふもふもふもふ？","link":"https:\/\/comic.priconne-redive.jp\/media\/cartoon\/image\/73b5b58645cec3e59ba217a9a3bef352.png?id=106"},"105":{"title":"本気の訓練","link":"https:\/\/comic.priconne-redive.jp\/media\/cartoon\/image\/9e167d9bc3ddafc0df50c1508e0203e6.png?id=107"},"106":{"title":"ロザリアを探して","link":"https:\/\/comic.priconne-redive.jp\/media\/cartoon\/image\/d8a6f340c0b825bcad759cbb911f4a1c.png?id=108"},"107":{"title":"シスターズテレパシー☆","link":"https:\/\/comic.priconne-redive.jp\/media\/cartoon\/image\/12c37f65dc5b2892705fa58c35d246b5.png?id=109"},"108":{"title":"対価","link":"https:\/\/comic.priconne-redive.jp\/media\/cartoon\/image\/2c26f16ba1721bf50ef87316f416c080.png?id=110"},"109":{"title":"翠色の輝き","link":"https:\/\/comic.priconne-redive.jp\/media\/cartoon\/image\/004ff6d30059172ddb4578a34de8bb96.png?id=111"},"110":{"title":"カリスマファンサービス","link":"https:\/\/comic.priconne-redive.jp\/media\/cartoon\/image\/289df339ce2ca58e097c889306681e08.png?id=112"},"111":{"title":"ツボ押しの達人","link":"https:\/\/comic.priconne-redive.jp\/media\/cartoon\/image\/58182cbb7e8b2a7074e2af4e6acb1900.png?id=113"},"112":{"title":"鉄壁のディフェンス","link":"https:\/\/comic.priconne-redive.jp\/media\/cartoon\/image\/dd9bcfc4a0e90ea94360037639116952.png?id=114"},"113":{"title":"暴風雨警報","link":"https:\/\/comic.priconne-redive.jp\/media\/cartoon\/image\/313b486ef5524b8f308a1b69479de303.png?id=115"},"114":{"title":"血ノ盟約-Blut Bund-","link":"https:\/\/comic.priconne-redive.jp\/media\/cartoon\/image\/559902a0b4c09e847a02451ab6da07a9.png?id=116"},"115":{"title":"ワーカホリック","link":"https:\/\/comic.priconne-redive.jp\/media\/cartoon\/image\/03ca88e903790488974c127d21236013.png?id=117"},"116":{"title":"ライバル登場？","link":"https:\/\/comic.priconne-redive.jp\/media\/cartoon\/image\/656dc460961d8b34bc9b03b867c89fd7.png?id=118"},"117":{"title":"Because it's there.","link":"https:\/\/comic.priconne-redive.jp\/media\/cartoon\/image\/06a20eb5d1215c79d2c5197b48722110.png?id=119"},"118":{"title":"My New Gear!","link":"https:\/\/comic.priconne-redive.jp\/media\/cartoon\/image\/b8c35d2d9c505c46824b68895cb70941.png?id=120"},"119":{"title":"美ら海","link":"https:\/\/comic.priconne-redive.jp\/media\/cartoon\/image\/721f0a42435ea82fbb2f3c7b55d15694.png?id=121"},"120":{"title":"泳ぐ時は…","link":"https:\/\/comic.priconne-redive.jp\/media\/cartoon\/image\/4e6a9242be8b0765016739d4a0a4ceda.png?id=122"},"121":{"title":"マホマホブロック","link":"https:\/\/comic.priconne-redive.jp\/media\/cartoon\/image\/ac40e79bd2529b11325bfe41e47297f7.png?id=123"},"122":{"title":"平気だよ","link":"https:\/\/comic.priconne-redive.jp\/media\/cartoon\/image\/8d383bfb0a25a5694c15a0398c7098d9.png?id=124"},"123":{"title":"ループコンボ","link":"https:\/\/comic.priconne-redive.jp\/media\/cartoon\/image\/63207e823489a109a24e5c41806080f2.png?id=125"},"124":{"title":"ポーカーフェイス","link":"https:\/\/comic.priconne-redive.jp\/media\/cartoon\/image\/589d94616646ca79b7f394dc0f8ca970.png?id=126"},"125":{"title":"イメトレ","link":"https:\/\/comic.priconne-redive.jp\/media\/cartoon\/image\/db1855f287347ff4cede15d03458cc49.png?id=127"},"126":{"title":"イメトレの先輩","link":"https:\/\/comic.priconne-redive.jp\/media\/cartoon\/image\/96c7a66e34e52d75985d32718ed7679f.png?id=128"},"127":{"title":"姉は凄技、妹はひ弱","link":"https:\/\/comic.priconne-redive.jp\/media\/cartoon\/image\/2a5002aee33794e2cfe9a9980934d854.png?id=129"},"128":{"title":"イメトレの成果","link":"https:\/\/comic.priconne-redive.jp\/media\/cartoon\/image\/28fb15a7b641646e692325b751f62c69.png?id=130"},"129":{"title":"全力超全開☆","link":"https:\/\/comic.priconne-redive.jp\/media\/cartoon\/image\/7ed6fc8b8c8674c4f7c438fef37df046.png?id=131"},"130":{"title":"耳かきの腕前","link":"https:\/\/comic.priconne-redive.jp\/media\/cartoon\/image\/67c859238f6dc8ce04a36b28f76b4265.png?id=132"},"131":{"title":"勘違いしないで","link":"https:\/\/comic.priconne-redive.jp\/media\/cartoon\/image\/d500a0a41cf88aded231ab710c2be086.png?id=133"},"132":{"title":"トリック・オア・カップケーキ","link":"https:\/\/comic.priconne-redive.jp\/media\/cartoon\/image\/66d5325e717e9a73719a76a804a5ff6f.png?id=134"},"133":{"title":"だレもいなイ","link":"https:\/\/comic.priconne-redive.jp\/media\/cartoon\/image\/7fefb5264b3e5b2f8f58a90c21f0c295.png?id=135"},"134":{"title":"物足りないっ！","link":"https:\/\/comic.priconne-redive.jp\/media\/cartoon\/image\/47f06c1def25b95b4b74231d3f5d5e8c.png?id=136"},"135":{"title":"ミミおねえちゃん","link":"https:\/\/comic.priconne-redive.jp\/media\/cartoon\/image\/c23ab024752358db2ca6071594266c0c.png?id=137"},"136":{"title":"あーん♪","link":"https:\/\/comic.priconne-redive.jp\/media\/cartoon\/image\/cc2fa16caf5c62bb5ff6c3d53bed3a52.png?id=138"},"137":{"title":"編みかけのマフラー","link":"https:\/\/comic.priconne-redive.jp\/media\/cartoon\/image\/5512fdf3d45ea1e1bc372acfe446e7d2.png?id=139"},"138":{"title":"だったら","link":"https:\/\/comic.priconne-redive.jp\/media\/cartoon\/image\/bb11b6b3caa95b7ae620774210bec896.png?id=140"},"139":{"title":"おともだちになりたくて","link":"https:\/\/comic.priconne-redive.jp\/media\/cartoon\/image\/53f2246143c136b9c62b5215ceb678b7.png?id=141"},"140":{"title":"つんつん","link":"https:\/\/comic.priconne-redive.jp\/media\/cartoon\/image\/3649b21816c16adb0a044ba3a2fd87cd.png?id=142"},"141":{"title":"理想の白馬はん","link":"https:\/\/comic.priconne-redive.jp\/media\/cartoon\/image\/3798dce470a117a65d1b7114fba65241.png?id=143"},"142":{"title":"覚醒の条件","link":"https:\/\/comic.priconne-redive.jp\/media\/cartoon\/image\/06636e8a4da36fd3db4a4e88e238be16.png?id=144"},"143":{"title":"どうする？","link":"https:\/\/comic.priconne-redive.jp\/media\/cartoon\/image\/e3367452bd0db1e8b84b3d5cbf054630.png?id=145"},"144":{"title":"一緒におままごと","link":"https:\/\/comic.priconne-redive.jp\/media\/cartoon\/image\/55ca1b3298901ee815c811a024b92d04.png?id=146"},"145":{"title":"大切なのは","link":"https:\/\/comic.priconne-redive.jp\/media\/cartoon\/image\/18fa5ade0d1752a824c5801042022b4f.png?id=147"},"146":{"title":"影武者","link":"https:\/\/comic.priconne-redive.jp\/media\/cartoon\/image\/0a1567c3a890690b59d08ace99a75753.png?id=148"},"147":{"title":"それってつまり…","link":"https:\/\/comic.priconne-redive.jp\/media\/cartoon\/image\/4140540a57aad0cdce37147239deee63.png?id=149"},"148":{"title":"すべての道は","link":"https:\/\/comic.priconne-redive.jp\/media\/cartoon\/image\/1ba7c3ded1f98a075f22e0522db31b0d.png?id=150"},"149":{"title":"普段は","link":"https:\/\/comic.priconne-redive.jp\/media\/cartoon\/image\/ddf85cb39caa18f9cfd0f09c562509c0.png?id=151"},"150":{"title":"支配者として","link":"https:\/\/comic.priconne-redive.jp\/media\/cartoon\/image\/7cc8ef616d813c2bcd070b378119f18a.png?id=152"},"151":{"title":"恋愛相談のプロ","link":"https:\/\/comic.priconne-redive.jp\/media\/cartoon\/image\/39d0a1c064c0f59144172572e326bd2e.png?id=153"},"152":{"title":"特別なおせち","link":"https:\/\/comic.priconne-redive.jp\/media\/cartoon\/image\/4468affb06498cd254f922901852d3f8.png?id=154"},"153":{"title":"ぐいぐいぎゅうぎゅう","link":"https:\/\/comic.priconne-redive.jp\/media\/cartoon\/image\/1f8adf7a1fd8c03160407ec30b443ead.png?id=155"},"154":{"title":"スズメの才能","link":"https:\/\/comic.priconne-redive.jp\/media\/cartoon\/image\/82415f9ab591196236c14cfc6eed7a8c.png?id=156"},"155":{"title":"HURRY UP!!","link":"https:\/\/comic.priconne-redive.jp\/media\/cartoon\/image\/d10b6a000c7f45c38c6dc493ac6d1e16.png?id=157"},"156":{"title":"行列のできる","link":"https:\/\/comic.priconne-redive.jp\/media\/cartoon\/image\/9f8d3f53ce8cd2296468ffdd1e945be8.png?id=158"},"157":{"title":"共鳴する魂","link":"https:\/\/comic.priconne-redive.jp\/media\/cartoon\/image\/bb7ae03b94d90a20957780abe2b4e610.png?id=159"},"158":{"title":"イメージするのは…","link":"https:\/\/comic.priconne-redive.jp\/media\/cartoon\/image\/719d3df819eee606e22f1d9883ec421f.png?id=160"},"159":{"title":"変わり続けるボク","link":"https:\/\/comic.priconne-redive.jp\/media\/cartoon\/image\/02a9e5809a5e50463cc7c59a41cc9113.png?id=161"},"160":{"title":"ミスティ＆ピュアリー","link":"https:\/\/comic.priconne-redive.jp\/media\/cartoon\/image\/1bd885e91d87258798de49f6e99dd341.png?id=162"},"161":{"title":"ミスティの魔法","link":"https:\/\/comic.priconne-redive.jp\/media\/cartoon\/image\/feca603f50f6204ffe2296e2a2b353a0.png?id=163"},"162":{"title":"ピュアリーな魔法","link":"https:\/\/comic.priconne-redive.jp\/media\/cartoon\/image\/9683cefdefbdd3dfbaa2f00935df9889.png?id=164"},"163":{"title":"絆の証？","link":"https:\/\/comic.priconne-redive.jp\/media\/cartoon\/image\/c8896e670d0e3caaad29d1af101ed78d.png?id=165"},"164":{"title":"わくわくクッキング","link":"https:\/\/comic.priconne-redive.jp\/media\/cartoon\/image\/142de2000e54d710f6073c071a9f3c9b.png?id=166"},"165":{"title":"いつの間にかこんなにも","link":"https:\/\/comic.priconne-redive.jp\/media\/cartoon\/image\/b2b31c7c2db790af11e0c1154d868cd7.png?id=167"},"166":{"title":"闇のお姉ちゃん","link":"https:\/\/comic.priconne-redive.jp\/media\/cartoon\/image\/7fe83b1047783b155a2eb3b29ce5d8cf.png?id=168"},"167":{"title":"果て無き冒険魂","link":"https:\/\/comic.priconne-redive.jp\/media\/cartoon\/image\/d3c68d6ccd6ef2d42c30db6d73ad4ce4.png?id=170"},"168":{"title":"スーパースターの素質","link":"https:\/\/comic.priconne-redive.jp\/media\/cartoon\/image\/2fe9cc3f915b94eae8834e4ffd4fe439.png?id=171"},"169":{"title":"道案内","link":"https:\/\/comic.priconne-redive.jp\/media\/cartoon\/image\/c90f2ec8715cd0429b0d6f62f29be379.png?id=172"},"170":{"title":"ゴクアクヒドウ","link":"https:\/\/comic.priconne-redive.jp\/media\/cartoon\/image\/705fef8f7b0bd4e70d253c3aa2d89019.png?id=173"},"171":{"title":"応援中！","link":"https:\/\/comic.priconne-redive.jp\/media\/cartoon\/image\/8b269eea221ac760620c6dc2db6e583b.png?id=174"},"172":{"title":"もっと聞かせて","link":"https:\/\/comic.priconne-redive.jp\/media\/cartoon\/image\/49db0b37552d0092729a472ac10d29ff.png?id=175"},"173":{"title":"より強く、更に高みへ","link":"https:\/\/comic.priconne-redive.jp\/media\/cartoon\/image\/3159ef2c51873bef36ae4ed045a40039.png?id=176"},"174":{"title":"浪漫武器","link":"https:\/\/comic.priconne-redive.jp\/media\/cartoon\/image\/11fac43849d95cb82de245be080dc452.png?id=177"},"175":{"title":"商品開発会議","link":"https:\/\/comic.priconne-redive.jp\/media\/cartoon\/image\/10257d7d6d593ab6b725e35064626eed.png?id=178"},"176":{"title":"足りないもの","link":"https:\/\/comic.priconne-redive.jp\/media\/cartoon\/image\/e5ac8fc9f160986f58fdd17709c57f9e.png?id=179"},"177":{"title":"めちゃちぇる","link":"https:\/\/comic.priconne-redive.jp\/media\/cartoon\/image\/1a123cbdb48df523146747676406f4ea.png?id=180"},"178":{"title":"どんなところでも","link":"https:\/\/comic.priconne-redive.jp\/media\/cartoon\/image\/4078f4cb15a95f29afd842a3293969a6.png?id=181"},"179":{"title":"今回だけ","link":"https:\/\/comic.priconne-redive.jp\/media\/cartoon\/image\/9ac67c9962ef875ba5958e73f27a5513.png?id=182"},"180":{"title":"どんと・ぶりーず","link":"https:\/\/comic.priconne-redive.jp\/media\/cartoon\/image\/6837046c545b9b7fff08d1438897cad8.png?id=183"},"181":{"title":"ブカブカピカピカ","link":"https:\/\/comic.priconne-redive.jp\/media\/cartoon\/image\/d742dfc13814b34e1a4b10183b24edde.png?id=184"}}